"bloco","inicio","fim","sim_otimo","alpha_otimo","beta_otimo","tipo_melhor","convergencia"
1,0,0.49,-0.879503195791239,267.001327577058,5.13433795164213,"light",0
2,0.01,0.5,-0.905703893651759,350.423989052458,6.53854606439989,"light",0
3,0.02,0.51,-0.928368372300781,287.284374019125,5.11715379003004,"light",0
4,0.03,0.52,-0.930609332420975,232.358452031346,4.45914221522315,"light",0
5,0.04,0.53,-0.942911849670574,292.634771547098,5.92544326371583,"light",0
6,0.05,0.54,-0.936455077362417,300.444894008223,6.43960330285755,"light",0
7,0.06,0.55,-0.951785725170429,270.669316045304,5.82772778555546,"light",0
8,0.07,0.56,-0.97100221253622,136.061631908058,2.99627029295088,"light",0
9,0.08,0.57,-0.993584961823303,340.864188337843,7.62417684369471,"light",0
10,0.09,0.58,-1.0327561127742,48.2763653438393,1.06124353344831,"light",0
11,0.1,0.59,-1.02543790098517,278.260811217423,6.98752130228178,"light",0
12,0.11,0.6,-1.04311768321853,5.70713443433959,0.116185181109888,"light",0
13,0.12,0.61,-1.07025250424871,3.16947009103668,0.0535688661452105,"light",0
14,0.13,0.62,-1.04807297612223,5.85403007347372,0.109418510090665,"light",0
15,0.14,0.63,-0.885675358992522,1.34153297241942,0.0186102400375207,"heavy",0
16,0.15,0.64,-0.724576883641327,0.979483951470345,0.0131655248876403,"heavy",52
17,0.16,0.65,-0.606458007757042,0.848809692365318,0.0119959778966257,"heavy",0
18,0.17,0.66,-0.554613008392778,0.775973105271766,0.0106618585870529,"heavy",0
19,0.18,0.67,-1.18130698173433,0.0857853936293972,1e-08,"heavy",0
20,0.19,0.68,-0.586471593631036,0.776286923504874,0.0120888828328242,"heavy",0
21,0.2,0.69,-0.682840689007286,0.735296505001241,0.00948806392867583,"heavy",0
22,0.21,0.7,-1.59376434572292,0.0881719262955096,1e-08,"heavy",0
23,0.22,0.71,-1.62984509156813,0.0885475214983583,1e-08,"heavy",0
24,0.23,0.72,-1.24730492350198,0.0322370534033414,1e-08,"heavy",0
25,0.24,0.73,-0.748763403109914,0.734782241443109,0.00884555041721692,"heavy",0
26,0.25,0.74,-0.702367619827267,0.73921782739963,0.00908902960690075,"heavy",0
27,0.26,0.75,-1.26869382612919,0.0861762042454126,1e-08,"heavy",0
28,0.27,0.76,-0.595340534789067,0.786791933937667,0.0119790057140922,"heavy",0
29,0.28,0.77,-0.812538447919581,0.0315339588034249,1e-08,"heavy",0
30,0.29,0.78,-0.482148905635379,0.825230457908915,0.0153158298433237,"heavy",52
31,0.3,0.79,-0.420564073279683,0.84161339245597,0.0169317485129102,"heavy",0
32,0.31,0.8,-0.384658724026519,0.782451220775319,0.0129497649396519,"heavy",0
33,0.32,0.81,-0.302468543480954,0.827453771739191,0.0164472609444317,"heavy",0
34,0.33,0.82,-0.244616564079617,0.83963035605937,0.0165711725651432,"heavy",0
35,0.34,0.83,-0.15073504114084,0.895292590476564,0.0220572359112382,"heavy",0
36,0.35,0.84,-0.0673175437327507,0.965499706555065,0.0288950051773044,"heavy",0
37,0.36,0.85,-0.0197898629218586,0.937715791216135,0.0259915669958535,"heavy",0
38,0.37,0.86,0.00679919712501391,0.887036009370804,0.0216084336421804,"heavy",0
39,0.38,0.87,0.0436152341510067,0.920171120936288,0.024049013894219,"heavy",0
40,0.39,0.88,0.0880154189830669,0.982760235216909,0.0295645023222441,"heavy",0
41,0.4,0.89,0.125548342208602,0.969552494911747,0.028589830508047,"heavy",0
42,0.41,0.9,0.163889474057146,1.05400745492499,0.0368311317566051,"heavy",0
43,0.42,0.91,0.19098666939219,1.1133785835861,0.043434299948229,"heavy",0
44,0.43,0.92,0.197474673857541,1.07994829464618,0.0402465972812857,"heavy",0
45,0.44,0.93,0.202938119572108,1.10117061477025,0.0426955792641535,"heavy",0
46,0.45,0.94,0.203449146991519,1.10760911359177,0.0433763830810816,"heavy",0
47,0.46,0.95,0.202687518890786,1.09721256183946,0.0422424840238358,"heavy",0
48,0.47,0.96,0.197869353755411,1.04405127353584,0.0365440353631503,"heavy",0
49,0.48,0.97,0.185622316986193,0.980096699239343,0.0301293728352758,"heavy",0
50,0.49,0.98,0.163360387439983,0.889553081948362,0.0220638737830984,"heavy",0
51,0.5,0.99,0.149154798634363,0.890490092700309,0.0218222067338673,"heavy",0
52,0.51,1,0.132987960219854,0.838392539008101,0.0178744982204242,"heavy",0
53,0.52,1.01,0.12791312959792,0.82638416065256,0.017023291182783,"heavy",0
54,0.53,1.02,0.141589237259735,0.869420596616833,0.0201449785709019,"heavy",52
55,0.54,1.03,0.16033449447664,0.914234960353343,0.0238573983853532,"heavy",0
56,0.55,1.04,0.161823882843831,0.909513037595523,0.0236442622343,"heavy",0
57,0.56,1.05,0.163793568650154,0.905234818529494,0.0234722924452472,"heavy",0
58,0.57,1.06,0.154951755216886,0.848698201874414,0.019324756928861,"heavy",0
59,0.58,1.07,0.12724737673695,0.706181315777888,0.0105505181414678,"heavy",0
60,0.59,1.08,0.11475267009512,0.664520813293107,0.008635977711682,"heavy",0
61,0.6,1.09,0.0607326081885915,0.634957036826374,0.00690846445999344,"heavy",0
62,0.61,1.1,0.0440337859621617,0.667027296916897,0.00815320936063472,"heavy",52
63,0.62,1.11,0.00449943546463262,0.673622348649576,0.00837355089313832,"heavy",0
64,0.63,1.12,-0.0230360822941078,0.719162087927874,0.0107309974984532,"heavy",52
65,0.64,1.13,-0.16827548195292,0.756818284944716,0.0100590696881907,"heavy",52
66,0.65,1.14,-0.334458355317497,0.893571826881817,0.0121939242600515,"heavy",0
67,0.66,1.15,-0.524666414651089,1.12784217606463,0.01515919882008,"heavy",0
68,0.67,1.16,-0.687763444505799,1.85550742829173,0.0281632893947812,"heavy",0
69,0.68,1.17,-0.811121449218282,65.495783918752,1.14329640226691,"light",0
70,0.69,1.18,-0.799801991487095,5.16831370831768,0.0800078735695699,"light",0
71,0.7,1.19,-0.754976014294911,5.16486962379347,0.0873804556952406,"light",0
72,0.71,1.2,-0.754993633303224,5.16479861069595,0.0867327078154469,"light",0
73,0.72,1.21,-0.759306395344262,5.16515939055395,0.0810579828270156,"light",0
74,0.73,1.22,-0.761101834298485,116.83351511304,2.14431593304729,"light",0
75,0.74,1.23,-0.770285665874933,347.986574992623,6.58415601387652,"light",0
76,0.75,1.24,-0.802952362251313,5.16903045959873,0.0828533524576535,"light",0
77,0.76,1.25,-0.835581516747031,2.99124489045391,0.0416841347173989,"light",0
78,0.77,1.26,-0.877229498363527,2.42306814816537,0.0291363198818494,"light",0
79,0.78,1.27,-0.861834687395358,2.3803454901389,0.0303459186627451,"light",0
80,0.79,1.28,-0.875133946200049,2.36560768491543,0.029361765903276,"light",0
81,0.8,1.29,-0.91855865599795,2.76458288634868,0.0334361234411092,"light",0
82,0.81,1.3,-1.8448819753915,0.0925127724858922,1e-08,"heavy",0
83,0.82,1.31,-1.72644244121279,0.0908932087446787,1e-08,"heavy",0
84,0.83,1.32,-0.619575363000935,1.02289507505086,0.0113355688336453,"heavy",52
85,0.84,1.33,-1.65490169797756,0.090618085296986,1e-08,"heavy",0
86,0.85,1.34,-0.475611535081491,0.915780676555845,0.0122558422627583,"heavy",52
87,0.86,1.35,-0.522500089622257,0.925465909773806,0.0128692542380819,"heavy",0
88,0.87,1.36,-1.6925172681872,0.0899093173407794,1e-08,"heavy",0
89,0.88,1.37,-0.607140186824756,0.95962220939914,0.0138419420528098,"heavy",0
90,0.89,1.38,-0.625274909690644,0.899618398500366,0.0128888075703089,"heavy",0
91,0.9,1.39,-0.691062865627417,0.860666320118795,0.010127070009954,"heavy",0
92,0.91,1.4,-0.776143254001534,0.787867672201426,0.00649263972131147,"heavy",52
93,0.92,1.41,-1.90460936616509,0.0919511518002032,1e-08,"heavy",0
94,0.93,1.42,-0.74309604658258,0.712293738503926,0.00419673628790405,"heavy",0
95,0.94,1.43,-0.767355526109442,0.766988334927266,0.00565707206780708,"heavy",0
96,0.95,1.44,-0.703829401437718,0.791064841646779,0.00663493213829296,"heavy",0
97,0.96,1.45,-0.633818569824028,0.776248138472914,0.00686274879090567,"heavy",0
98,0.97,1.46,-0.562954404067552,0.806702142752225,0.00850188496210423,"heavy",0
99,0.98,1.47,-1.13562294252908,0.0253017950454848,1e-08,"heavy",0
100,0.99,1.48,-0.417027265913225,0.825444862335884,0.0109985935646884,"heavy",0
101,1,1.49,-1.0894357713728,0.0856813747490623,1e-08,"heavy",0
102,1.01,1.5,-0.299473781341007,0.909013806464965,0.0144519829430283,"heavy",52
103,1.02,1.51,-0.250684359916034,0.881014603833275,0.0133676873814285,"heavy",0
104,1.03,1.52,-0.228446845737541,0.845003163312074,0.0112169245777083,"heavy",0
105,1.04,1.53,-0.472415057927489,0.0814991418608297,1e-08,"heavy",0
106,1.05,1.54,-0.141345968268115,0.981126355083202,0.016128339114823,"heavy",0
107,1.06,1.55,-0.0763548149619295,1.10206291773682,0.0224759410515099,"heavy",0
108,1.07,1.56,0.000737661287430005,0.819158937627171,0.0118817596166221,"heavy",0
109,1.08,1.57,0.0210367124734304,1.26063354387331,0.0327783460877259,"heavy",0
110,1.09,1.58,0.0443855355238705,1.3243830589948,0.0374564974935539,"heavy",0
111,1.1,1.59,0.0634554993434238,1.4125450519435,0.0444907044220532,"heavy",52
112,1.11,1.6,0.066886176367208,1.43786075205538,0.0465344536484546,"heavy",0
113,1.12,1.61,0.0736598580158458,1.50587549533884,0.052087916276542,"heavy",0
114,1.13,1.62,0.0804091769035181,1.56396112496318,0.0570495780156997,"heavy",0
115,1.14,1.63,0.0824393090779944,1.59748608708275,0.0597928295736138,"heavy",0
116,1.15,1.64,0.0786803106797997,1.59828602044539,0.059522147146831,"heavy",0
117,1.16,1.65,0.0710249796452572,1.56313620248406,0.0561278523849118,"heavy",0
118,1.17,1.66,0.0652086879170621,1.53989747496951,0.0539072759376327,"heavy",0
119,1.18,1.67,0.0628044285699513,1.52381447776331,0.0525248990204332,"heavy",0
120,1.19,1.68,0.0656088824034195,1.53014366137397,0.0532011347995578,"heavy",0
121,1.2,1.69,0.0674129781365533,1.57870480102924,0.0573907819628202,"heavy",0
122,1.21,1.7,0.0652563452005135,1.59150752067053,0.0586187275186312,"heavy",0
123,1.22,1.71,0.0563589927562772,1.61210859032594,0.0603069138048336,"heavy",0
124,1.23,1.72,0.0490688935518016,1.61570011117338,0.0606279646617249,"heavy",0
125,1.24,1.73,0.0336068091921877,1.61757326521183,0.06050998769845,"heavy",0
126,1.25,1.74,0.0106777961502227,1.54691962488106,0.0542496398429975,"heavy",0
127,1.26,1.75,-0.0200146201489596,1.45401928651308,0.0463183155415521,"heavy",0
128,1.27,1.76,-0.066704199410791,1.33397554346305,0.0364966660696776,"heavy",0
129,1.28,1.77,-0.0876871589579677,1.33162687960411,0.0361239229499861,"heavy",0
130,1.29,1.78,-0.113844875912096,1.32149617820334,0.0356619326181168,"heavy",0
131,1.3,1.79,-0.138815962780365,1.25046404524978,0.0305620823527086,"heavy",0
132,1.31,1.8,-0.183059187324929,0.954519174955873,0.0204985754025581,"heavy",0
133,1.32,1.81,-0.356825827601662,1.20475424319458,0.026401815672237,"heavy",0
134,1.33,1.82,-0.533711155483657,1.8161312384059,0.0418387534972278,"heavy",0
135,1.34,1.83,-0.708366801933154,10.2027896822318,0.25598144815532,"light",0
136,1.35,1.84,-0.807068514147811,306.144005745044,6.45788713559137,"light",0
137,1.36,1.85,-0.806029866338975,320.794962885036,6.84305421588591,"light",0
138,1.37,1.86,-0.838859723901612,317.173826039712,6.16042056439213,"light",0
139,1.38,1.87,-0.826561437793014,315.286392718707,6.61013777399753,"light",0
140,1.39,1.88,-0.828131399279777,279.395788825892,6.00777593111902,"light",0
141,1.4,1.89,-0.8325447914477,254.578552998438,5.51623250554257,"light",0
142,1.41,1.9,-0.852394661802375,193.529795099248,4.09766017745326,"light",0
143,1.42,1.91,-0.873645340969966,308.633526788824,6.48185564174635,"light",0
144,1.43,1.92,-0.874314073135228,313.787154031163,6.98998106025566,"light",0
145,1.44,1.93,-0.905846602484141,323.971239559971,7.4069907004083,"light",0
146,1.45,1.94,-0.931703109561058,10.9590509005396,0.232023770040689,"light",0
147,1.46,1.95,-0.980800535614442,8.27156991658679,0.17448736827212,"light",0
148,1.47,1.96,-1.01724106155658,2.54738767546541,0.0384817085297283,"light",0
149,1.48,1.97,-1.01017963507255,2.67253471511377,0.0439121601224876,"light",0
150,1.49,1.98,-0.924528545840514,1.33906626160769,0.0166994922052127,"heavy",0
151,1.5,1.99,-1.83968568867462,0.0922808317147482,1e-08,"heavy",0
152,1.51,2,-0.779599533946938,1.30566695781576,0.0169525108477839,"heavy",0
153,1.52,2.01,-0.655717186296251,0.955965707667234,0.0112099939546027,"heavy",0
154,1.53,2.02,-0.593327657967657,0.884800020816764,0.011080872458909,"heavy",0
155,1.54,2.03,-0.662014531865093,0.906247614274054,0.0111342511565812,"heavy",0
156,1.55,2.04,-1.55603982951848,0.0440224089200363,1e-08,"heavy",0
157,1.56,2.05,-0.729983216920392,0.946112792902249,0.0136751004069499,"heavy",0
158,1.57,2.06,-0.773932971233819,0.850990573617532,0.0102440031247767,"heavy",0
159,1.58,2.07,-0.809883842046451,0.89046906979754,0.0109077580592839,"heavy",0
160,1.59,2.08,-0.826996574321159,0.906555939917875,0.0110191072731935,"heavy",0
161,1.6,2.09,-0.821388878462964,0.880393239610545,0.00999576817768114,"heavy",0
162,1.61,2.1,-0.787340003712834,0.869152220065987,0.00989688421211177,"heavy",0
163,1.62,2.11,-0.724201902487558,0.912746582650955,0.0117289409013216,"heavy",0
164,1.63,2.12,-0.654417483874779,0.958195031488796,0.0142917124815653,"heavy",0
165,1.64,2.13,-1.23081539047389,0.0862652672643099,1e-08,"heavy",0
166,1.65,2.14,-0.520766520361842,1.03366158019894,0.0193738295105992,"heavy",0
167,1.66,2.15,-0.45074682710157,1.10953925350738,0.0238683427217595,"heavy",52
168,1.67,2.16,-0.398724612577311,1.11244031623197,0.0232899553700364,"heavy",0
169,1.68,2.17,-0.313623382650156,1.2048482633452,0.0302092119346908,"heavy",0
170,1.69,2.18,-0.244229668020619,1.32632017666974,0.037219072856103,"heavy",0
171,1.7,2.19,-0.177263308340528,1.40155412321109,0.0425475859281847,"heavy",0
172,1.71,2.2,-0.129910776325931,1.40334148326647,0.042115554277754,"heavy",0
173,1.72,2.21,-0.104090065987042,1.31215946340553,0.0354225855964228,"heavy",0
174,1.73,2.22,-0.0798414093176478,1.32741789467871,0.0357658757973894,"heavy",0
175,1.74,2.23,-0.0465266856159486,1.32793818003179,0.0357958911449297,"heavy",0
176,1.75,2.24,-0.00773696321422252,1.32988392251766,0.0360611942361497,"heavy",0
177,1.76,2.25,0.0322497401130162,1.42265209811132,0.0427830371905989,"heavy",0
178,1.77,2.26,0.0611838030596158,1.43465781133233,0.0440110893207495,"heavy",0
179,1.78,2.27,0.0778276772350146,1.45880675752673,0.04597971269679,"heavy",0
180,1.79,2.28,0.0924603114736977,1.48122133474039,0.0485047415861272,"heavy",0
181,1.8,2.29,0.0918855228778766,1.42814280300374,0.0446559451767926,"heavy",0
182,1.81,2.3,0.0938290104014891,1.44171855669079,0.0457479384100968,"heavy",0
183,1.82,2.31,0.0958760403777921,1.5370692105733,0.0527929183943824,"heavy",0
184,1.83,2.32,0.0858611453458137,1.48310998534194,0.0479749878361196,"heavy",0
185,1.84,2.33,0.0735536612062413,1.40969947001396,0.04211736699841,"heavy",0
186,1.85,2.34,0.0629986321932652,1.38990745929415,0.0403072706957243,"heavy",0
187,1.86,2.35,0.0569056411156006,1.38786167984423,0.0399010116421365,"heavy",0
188,1.87,2.36,0.0562817994220037,1.39668413270335,0.0404474093844118,"heavy",0
189,1.88,2.37,0.0703662011170047,1.48456360397529,0.0471528896067869,"heavy",52
190,1.89,2.38,0.0792004686810512,1.56156302170189,0.0533666379102899,"heavy",0
191,1.9,2.39,0.0839290467356301,1.60217784939816,0.0569780227812214,"heavy",0
192,1.91,2.4,0.0795507437726352,1.59079926468213,0.0562669786431925,"heavy",0
193,1.92,2.41,0.0715788244869307,1.54085084929001,0.0524332779565052,"heavy",0
194,1.93,2.42,0.0464477522875988,1.43316700180191,0.0438225082393553,"heavy",0
195,1.94,2.43,0.0346086684169943,1.41330125471268,0.0422814521352807,"heavy",0
196,1.95,2.44,-0.0119082545360956,1.29009668755645,0.0323833823167686,"heavy",0
197,1.96,2.45,-0.0112846574678083,1.30907296731013,0.0335124800881341,"heavy",0
198,1.97,2.46,-0.046585981969754,1.28929002524734,0.0322633019089845,"heavy",0
199,1.98,2.47,-0.0811193856350878,1.23137755636531,0.0284942894776758,"heavy",0
200,1.99,2.48,-0.200721073190702,1.36145557860125,0.0287565853732978,"heavy",0
201,2,2.49,-0.238926035714317,0.955210135578759,0.0160438045051896,"heavy",0
202,2.01,2.5,-0.558182838584538,0.0818670365854676,1e-08,"heavy",0
203,2.02,2.51,-0.604903568462002,1.88053909845866,0.0313877415879681,"heavy",0
204,2.03,2.52,-0.771654360315427,302.255951907239,5.12701837255369,"light",0
205,2.04,2.53,-0.781031194607418,331.484135689874,5.60605641574769,"light",0
206,2.05,2.54,-0.80289616407396,210.310237176015,3.32714596274143,"light",0
207,2.06,2.55,-0.837640819179883,321.023242236317,5.22417439138047,"light",0
208,2.07,2.56,-0.887823095016871,326.074082195092,5.18486763420131,"light",0
209,2.08,2.57,-0.939620857418597,21.5668640023411,0.313211825675662,"light",0
210,2.09,2.58,-0.962126975800656,108.394220480328,1.66352885460921,"light",0
211,2.1,2.59,-0.984741365116561,168.759299067616,2.63585468365961,"light",0
212,2.11,2.6,-1.00632005191299,339.889815895264,5.60916870561918,"light",0
213,2.12,2.61,-1.03493121676806,5.86175017139619,0.0892597030990587,"light",0
214,2.13,2.62,-1.10388147113386,3.34762795365335,0.0422706534916842,"light",0
215,2.14,2.63,-1.12824409857599,3.35087757068869,0.0455217509804935,"light",0
216,2.15,2.64,-1.18481377893069,2.13001265974907,0.0242762553173446,"light",0
217,2.16,2.65,-2.9043142157176,0.102717541134403,1e-08,"heavy",0
218,2.17,2.66,-1.29950879252275,1.67877895248633,0.0162163444416954,"heavy",0
219,2.18,2.67,-1.26041718640791,1.62883601331601,0.0183245238244728,"heavy",0
220,2.19,2.68,-1.23970448025828,1.90822715598776,0.0258640428816682,"heavy",0
221,2.2,2.69,-1.18967199093789,3.88709129681166,0.0711939024240472,"light",0
222,2.21,2.7,-2.25497926736806,0.0948335250413254,1e-08,"heavy",0
223,2.22,2.71,-0.879607648994693,0.933851517720971,0.0125110393969285,"heavy",0
224,2.23,2.72,-2.12736864219426,0.0933431681300576,1e-08,"heavy",0
225,2.24,2.73,-2.0894625375896,0.0928015512141161,1e-08,"heavy",0
226,2.25,2.74,-2.08994009105668,0.0926969143083966,1e-08,"heavy",0
227,2.26,2.75,-2.63013448261913,0.0981473547861932,1e-08,"heavy",52
228,2.27,2.76,-0.851939239825526,0.669587062018869,0.00669563274411931,"heavy",0
229,2.28,2.77,-0.87489308564862,0.677532686501313,0.0065863275891245,"heavy",0
230,2.29,2.78,-3.22571926819461,0.105193378729235,1e-08,"heavy",0
231,2.3,2.79,-3.20508392027738,0.105092448128874,1e-08,"heavy",0
232,2.31,2.8,-2.68391387548841,0.0990163090141234,1e-08,"heavy",0
233,2.32,2.81,-2.16482507977207,0.0935699381203834,1e-08,"heavy",0
234,2.33,2.82,-0.67860559683852,0.625560041412152,0.00525218006589157,"heavy",52
235,2.34,2.83,-1.58942783549672,0.0883482894991939,1e-08,"heavy",0
236,2.35,2.84,-0.537283035005097,0.691654841914947,0.00841441303377254,"heavy",0
237,2.36,2.85,-0.465404635459145,0.728516451689093,0.0104193812164458,"heavy",0
238,2.37,2.86,-0.390749431001435,0.739114449458875,0.0116945701857976,"heavy",0
239,2.38,2.87,-0.326833989924448,0.760842600551269,0.0130474740711415,"heavy",0
240,2.39,2.88,-0.259467115319557,0.806487094736153,0.0159760583093318,"heavy",0
241,2.4,2.89,-0.193873083452099,0.853012443137322,0.0192767580827446,"heavy",0
242,2.41,2.9,-0.139597352090273,0.863488693803406,0.0202133802828581,"heavy",0
243,2.42,2.91,-0.0906778096506814,0.866702172749664,0.0206815631699405,"heavy",0
244,2.43,2.92,-0.0697959700646803,0.841000490287619,0.0183289457030332,"heavy",0
245,2.44,2.93,-0.0613163668261736,0.793557959994691,0.0150220135559494,"heavy",0
246,2.45,2.94,-0.0430319172667232,0.796336926258689,0.0149078657383623,"heavy",52
247,2.46,2.95,-0.0228859473722353,0.764707998638065,0.0129745119851012,"heavy",0
248,2.47,2.96,-0.0050388451269091,0.733043167985698,0.0110019856892039,"heavy",0
249,2.48,2.97,0.0434804730607173,0.766266621925486,0.0131617643768531,"heavy",0
250,2.49,2.98,-0.28759668784488,0.0807107459982437,1e-08,"heavy",0
251,2.5,2.99,0.0972787191524564,0.738254492480707,0.0116913703844294,"heavy",0
252,2.51,3,0.13592031573741,0.796194330838141,0.015418191861505,"heavy",0
253,2.52,3.01,0.16524951723023,0.835473691820047,0.0184347641466863,"heavy",0
254,2.53,3.02,0.183510905568529,0.867973356669961,0.021212492959343,"heavy",0
255,2.54,3.03,0.191619144663905,0.856985638949069,0.0205044273847041,"heavy",0
256,2.55,3.04,0.194858494538407,0.817997980592936,0.0177925417562964,"heavy",0
257,2.56,3.05,0.217585945180425,0.0285074415402466,1e-08,"heavy",0
258,2.57,3.06,0.183714420517355,0.674180641235191,0.00917983792756424,"heavy",0
259,2.58,3.07,-0.683979763130017,0.0841525079381735,1e-08,"heavy",0
260,2.59,3.08,-1.14299906431211,0.0878460583592876,1e-08,"heavy",0
261,2.6,3.09,-0.64506312813134,0.08382300256571,1e-08,"heavy",0
262,2.61,3.1,0.176760758894866,0.720196221429062,0.011859804321947,"heavy",0
263,2.62,3.11,0.176095824871039,0.803432434224816,0.0170937679011409,"heavy",0
264,2.63,3.12,0.167934216876127,0.843685840006018,0.0200694629180938,"heavy",0
265,2.64,3.13,0.152032714492771,0.864743622142658,0.021697422858914,"heavy",0
266,2.65,3.14,0.118353274722013,0.810498466940325,0.0175324108203408,"heavy",0
267,2.66,3.15,-0.719334392084921,0.083999362979203,1e-08,"heavy",0
268,2.67,3.16,0.00269541006517797,0.670493164254963,0.00834177899773542,"heavy",0
269,2.68,3.17,-0.0375374250959758,0.618256046934623,0.00600244779311119,"heavy",0
270,2.69,3.18,-0.0808705120970929,0.605614050615635,0.00550842901583425,"heavy",0
271,2.7,3.19,-1.38628093223005,0.0895664431567494,1e-08,"heavy",0
272,2.71,3.2,-0.244370723821747,0.642870941910642,0.00528952083653995,"heavy",0
273,2.72,3.21,-1.5827830580275,0.091399919117088,1e-08,"heavy",0
274,2.73,3.22,-2.1799477229575,0.0971618337154093,1e-08,"heavy",0
275,2.74,3.23,-2.25720047014425,0.0978868637635624,1e-08,"heavy",0
276,2.75,3.24,-0.818116898499548,5.17126841347273,0.0694967517134584,"light",0
277,2.76,3.25,-0.810117764810866,1.74763303426411,0.0152622099062832,"heavy",0
278,2.77,3.26,-2.81240196049518,0.104422750141867,1e-08,"heavy",0
279,2.78,3.27,-0.849653423635037,329.226344291629,5.1883643631338,"light",0
280,2.79,3.28,-0.906748434113841,390.105644611211,5.81622458460756,"light",0
281,2.8,3.29,-0.936397838692441,328.946688654597,4.83372553022001,"light",0
282,2.81,3.3,-0.96935464199363,368.763269082248,5.70537492458451,"light",0
283,2.82,3.31,-1.00924592618195,5.18434378153151,0.0686537523266342,"light",0
284,2.83,3.32,-2.9901898993543,0.105820051901729,1e-08,"heavy",0
285,2.84,3.33,-1.16390666071053,1.46886169675666,0.00950528107235112,"heavy",0
286,2.85,3.34,-1.17753417785297,2.41133000497647,0.02505461539617,"light",0
287,2.86,3.35,-3.45682452801122,0.0793989731244404,1e-08,"heavy",0
288,2.87,3.36,-3.55235565300413,0.112906018141509,1e-08,"heavy",0
289,2.88,3.37,-3.58039109540265,0.113173166110039,1e-08,"heavy",0
290,2.89,3.38,-3.60153280397231,0.11286276030518,1e-08,"heavy",0
291,2.9,3.39,-1.34465337349013,1.27852215169371,0.0107940089637341,"heavy",0
292,2.91,3.4,-1.34888590077159,1.59923351271604,0.0177714560608164,"heavy",0
293,2.92,3.41,-1.38125061082013,1.57379879000057,0.0174721090404304,"heavy",0
294,2.93,3.42,-1.43326531549036,1.25517667595155,0.0109921156028091,"heavy",0
295,2.94,3.43,-4.18378399550675,0.119040722182774,1e-08,"heavy",0
296,2.95,3.44,-4.17319660784002,0.118797486278244,1e-08,"heavy",0
297,2.96,3.45,-4.18794330427702,0.119006907482685,1e-08,"heavy",0
298,2.97,3.46,-4.14659581318148,0.118469851450945,1e-08,"heavy",0
299,2.98,3.47,-4.08748604735316,0.117664757223611,1e-08,"heavy",0
300,2.99,3.48,-4.03617943107621,0.11707069627834,1e-08,"heavy",0
301,3,3.49,-3.99150061776649,0.116490785044201,1e-08,"heavy",0
302,3.01,3.5,-3.97609819846599,0.116315628545227,1e-08,"heavy",0
303,3.02,3.51,-3.95984072422493,0.11614795287752,1e-08,"heavy",0
304,3.03,3.52,-3.46343603894803,0.10903435367221,1e-08,"heavy",0
305,3.04,3.53,-3.3995080092,0.108188873449591,1e-08,"heavy",0
306,3.05,3.54,-2.89080260441069,0.10195996844941,1e-08,"heavy",0
307,3.06,3.55,-2.84325688933528,0.101600441970124,1e-08,"heavy",0
308,3.07,3.56,-2.37735027064562,0.0969494696637696,1e-08,"heavy",0
309,3.08,3.57,-2.32680072878062,0.0966623598478664,1e-08,"heavy",0
310,3.09,3.58,-2.27750307220205,0.0962946022160551,1e-08,"heavy",0
311,3.1,3.59,-0.620638670709235,0.64630169738625,0.0055779752117445,"heavy",0
312,3.11,3.6,-0.54856430757958,0.694161478074439,0.00754359031391109,"heavy",0
313,3.12,3.61,-1.65020114409259,0.090671028416537,1e-08,"heavy",0
314,3.13,3.62,-1.56428996554345,0.0898083576855861,1e-08,"heavy",0
315,3.14,3.63,-0.356309675178456,0.736398461991279,0.0105127240897848,"heavy",0
316,3.15,3.64,-1.41776895317063,0.0884226266015184,1e-08,"heavy",0
317,3.16,3.65,-0.197859316443382,0.777412005482319,0.0146895672774987,"heavy",52
318,3.17,3.66,-0.129167980843474,0.832064331118593,0.0182793183842851,"heavy",0
319,3.18,3.67,-0.0794743366646319,0.884783057084402,0.0209875196818102,"heavy",0
320,3.19,3.68,-0.696102212990784,0.0829682409912002,1e-08,"heavy",0
321,3.2,3.69,-0.0253033330138757,0.864057925187219,0.0185246769661284,"heavy",0
322,3.21,3.7,-0.166278896340446,0.0792579139008031,1e-08,"heavy",0
323,3.22,3.71,0.0794882647553073,0.982656660760071,0.0275694109860605,"heavy",0
324,3.23,3.72,0.127419020718831,1.03445533620132,0.0325805445587009,"heavy",0
325,3.24,3.73,0.158970566432593,1.04305901048432,0.0335817461201479,"heavy",52
326,3.25,3.74,0.18274934048738,1.05727973967086,0.0352797108840237,"heavy",0
327,3.26,3.75,0.193896129559336,1.04441823858996,0.0343884447854133,"heavy",0
328,3.27,3.76,0.21315906711265,1.10088826827418,0.0404717459980199,"heavy",0
329,3.28,3.77,0.220795980304977,1.11920883132006,0.0426618919403956,"heavy",0
330,3.29,3.78,0.221269543731406,1.12197056509704,0.0429342005949262,"heavy",52
331,3.3,3.79,0.218848393268975,1.13234664871415,0.0437497571178717,"heavy",0
332,3.31,3.8,0.213075007741924,1.11082158489378,0.0413897174577981,"heavy",52
333,3.32,3.81,0.203843836544127,1.04649444046282,0.0352215053841064,"heavy",0
334,3.33,3.82,0.199610349822401,1.01919052772711,0.0327381039269506,"heavy",0
335,3.34,3.83,0.206617150209509,1.06567828948016,0.0370044706084233,"heavy",0
336,3.35,3.84,0.2157019422544,1.12947922843994,0.0432696984494927,"heavy",0
337,3.36,3.85,0.219386348869274,1.1361079142392,0.0442055560232732,"heavy",0
338,3.37,3.86,0.222719762615982,1.18317139257615,0.049206675440156,"heavy",0
339,3.38,3.87,0.221957623561513,1.25808557847597,0.0572665207215835,"heavy",0
340,3.39,3.88,0.218859599005046,1.30422546374465,0.0625030042206164,"heavy",52
341,3.4,3.89,0.205729405150048,1.3014869235231,0.0619356465109544,"heavy",0
342,3.41,3.9,0.187697618553824,1.25205983382228,0.0561467771790877,"heavy",0
343,3.42,3.91,0.162198116664755,1.19866462837033,0.0498324922907415,"heavy",0
344,3.43,3.92,0.124859119417837,1.0916905448642,0.0382475174835967,"heavy",0
345,3.44,3.93,0.107271508438621,1.06132171960954,0.0351783134703546,"heavy",0
346,3.45,3.94,0.0564679635865496,0.989987998726592,0.0283807887439829,"heavy",0
347,3.46,3.95,0.0269820822880832,0.966992769396909,0.0262257328134194,"heavy",0
348,3.47,3.96,-0.101879973305166,0.97003743849192,0.0227163317749817,"heavy",52
349,3.48,3.97,-0.270567319860507,1.1730914019732,0.0267910454953148,"heavy",0
350,3.49,3.98,-0.440769500143632,1.76653627705854,0.0438903661500181,"heavy",0
351,3.5,3.99,-0.611533601423232,8.83505873850509,0.255543938863243,"light",0
352,3.51,4,-0.717487308702098,306.646353324246,7.29053146069081,"light",0
353,3.52,4.01,-0.716550315197043,231.300640580049,5.47515930842899,"light",0
354,3.53,4.02,-0.736182766225521,314.218228188628,6.99413565188948,"light",0
355,3.54,4.03,-0.774114526295064,293.88097827668,6.29197226029938,"light",0
356,3.55,4.04,-0.826050777465267,311.509319293543,5.9440630089713,"light",0
357,3.56,4.05,-0.851696010056435,282.879256029254,5.57098954589267,"light",0
358,3.57,4.06,-0.893310893142085,314.808923262989,6.21800826460051,"light",0
359,3.58,4.07,-0.937424365730881,191.182214787574,3.83014293173015,"light",0
360,3.59,4.08,-0.995536212719496,294.320704308419,5.83194670243323,"light",0
361,3.6,4.09,-1.06168071900408,22.743970729477,0.412273422724073,"light",0
362,3.61,4.1,-1.07526299539997,215.452070463747,4.50997535476689,"light",0
363,3.62,4.11,-1.11201032951399,8.98112674206018,0.173397367680737,"light",0
364,3.63,4.12,-1.10039670462724,290.39044848028,6.93412039299866,"light",0
365,3.64,4.13,-1.11842788327013,7.37984983043818,0.163441872074971,"light",0
366,3.65,4.14,-1.13573895514665,5.19133093658398,0.11160466559514,"light",0
367,3.66,4.15,-1.16481631682826,3.03018797063653,0.0561037382940019,"light",0
368,3.67,4.16,-1.18118261776954,2.41538358180748,0.0406469582083046,"light",0
369,3.68,4.17,-1.18681879979584,2.89961291533592,0.0551146730647652,"light",0
370,3.69,4.18,-1.18530899969835,5.1859489795167,0.124246736275649,"light",0
371,3.7,4.19,-1.24098476132846,2.00217267994586,0.029736824740496,"light",0
372,3.71,4.2,-1.21179321640787,151.636256905283,4.18971833091257,"light",0
373,3.72,4.21,-1.08660783621102,1.19577616929091,0.0170301287003466,"heavy",0
374,3.73,4.22,-0.959706419918386,0.84297638930646,0.00986351526051435,"heavy",0
375,3.74,4.23,-0.886878817508988,0.754467303341337,0.0080415246309649,"heavy",0
376,3.75,4.24,-0.836543021295039,0.711513540998512,0.00726786629988128,"heavy",0
377,3.76,4.25,-1.02619165254165,0.0839225591999645,1e-08,"heavy",0
378,3.77,4.26,-0.873771684864133,0.676616510968581,0.00604388520991451,"heavy",0
379,3.78,4.27,-0.881639281401583,0.653835852405905,0.00533000964794258,"heavy",52
380,3.79,4.28,-1.04725292335972,0.0841339206159843,1e-08,"heavy",0
381,3.8,4.29,-0.790888899683989,0.670130298689845,0.00586695421201071,"heavy",0
382,3.81,4.3,-0.690428840498656,0.599693773772132,0.00234116489038031,"heavy",0
383,3.82,4.31,-0.682987586423698,0.693674186471204,0.00722073638122246,"heavy",0
384,3.83,4.32,-0.612119819560868,0.725633733586475,0.00904513706762825,"heavy",0
385,3.84,4.33,-0.557650110952747,0.730708669524405,0.00952515602694416,"heavy",52
386,3.85,4.34,-0.492737576010638,0.751896462082625,0.0111573535911663,"heavy",0
387,3.86,4.35,-0.426317610127397,0.776315493233876,0.0131422628025475,"heavy",0
388,3.87,4.36,-0.363038195732158,0.80809787306716,0.0156997407636819,"heavy",52
389,3.88,4.37,-0.300432189301865,0.85243130431648,0.0194228131169416,"heavy",0
390,3.89,4.38,-0.247732472211805,0.870790728419019,0.0214895624960205,"heavy",0
391,3.9,4.39,-0.203314972415904,0.874055336847486,0.0218103434810627,"heavy",0
392,3.91,4.4,-0.149615710356397,0.908334354907247,0.0246596251234643,"heavy",0
393,3.92,4.41,-0.106730278731582,0.907746963812399,0.0238648861627265,"heavy",0
394,3.93,4.42,-0.0825251277687461,0.859056360329784,0.0197063495880591,"heavy",0
395,3.94,4.43,-0.0263194784693043,0.896703706274859,0.0229572582855348,"heavy",0
396,3.95,4.44,0.00681721748760066,0.858642682708863,0.0201253828878161,"heavy",0
397,3.96,4.45,0.0488158975814777,0.908234232135582,0.0239325479976776,"heavy",0
398,3.97,4.46,0.0859135383199816,0.914863432665508,0.0244321922081284,"heavy",0
399,3.98,4.47,0.118985520785616,0.886473561022417,0.0222431028205097,"heavy",0
400,3.99,4.48,0.155658695718587,0.918308271443541,0.0251716782125298,"heavy",0
401,4,4.49,0.17758357564734,0.908746480910004,0.0245895288207393,"heavy",0
402,4.01,4.5,0.189168228988767,0.891489424892195,0.0233088925373387,"heavy",0
403,4.02,4.51,0.222161100886078,0.700589039435476,0.0166840180081311,"heavy",0
404,4.03,4.52,0.212446283033923,1.00901508414444,0.0345096716364036,"heavy",0
405,4.04,4.53,0.214044185756572,1.0144160951387,0.0350667571609925,"heavy",52
406,4.05,4.54,0.216524313375138,1.03224086347052,0.0368135143446476,"heavy",0
407,4.06,4.55,0.212240788511978,1.02686434850817,0.0360773477470515,"heavy",0
408,4.07,4.56,0.198695066841324,0.954880795244812,0.0290308610050296,"heavy",0
409,4.08,4.57,0.183932814976303,0.884878927654733,0.0229067547716399,"heavy",0
410,4.09,4.58,0.176061229739264,0.841733534666794,0.0195508976436965,"heavy",0
411,4.1,4.59,0.181314646160449,0.870785877044339,0.0217731057711403,"heavy",0
412,4.11,4.6,0.182127412981509,0.864212719768549,0.0213158707558807,"heavy",52
413,4.12,4.61,0.174379408046611,0.819323374208928,0.017917027957421,"heavy",0
414,4.13,4.62,0.173819504014603,0.86501476587454,0.0213395955023591,"heavy",0
415,4.14,4.63,0.166196240239454,0.888527201218981,0.0231951743455154,"heavy",0
416,4.15,4.64,0.151527539120873,0.898206745474519,0.0239790512373758,"heavy",0
417,4.16,4.65,0.126897671483521,0.877302525051268,0.022159184660875,"heavy",0
418,4.17,4.66,0.0869589420972692,0.812071174714685,0.0169826251623844,"heavy",0
419,4.18,4.67,0.0262581553639126,0.764201772577348,0.0130011259515079,"heavy",0
420,4.19,4.68,-0.00344041496089142,0.729090576395122,0.0109138611488236,"heavy",0
421,4.2,4.69,-0.0371657212845184,0.709276565802228,0.00991982250525346,"heavy",0
422,4.21,4.7,-0.100365066903735,0.671086276862987,0.00752646341646403,"heavy",0
423,4.22,4.71,-0.244684090800136,0.727171722366208,0.00764039492929292,"heavy",0
424,4.23,4.72,-0.415203003111473,0.841369655472345,0.00869162437738507,"heavy",0
425,4.24,4.73,-0.59124292332941,1.06478081129667,0.0111770562282377,"heavy",0
426,4.25,4.74,-0.764794111353998,1.57267647444834,0.0168264062572542,"heavy",0
427,4.26,4.75,-0.903731786087403,3.908792630889,0.0430606575212922,"light",0
428,4.27,4.76,-0.903731786087403,3.908792630889,0.0430606575212922,"light",0
429,4.28,4.77,-0.954928458043318,2.65073474717655,0.0235744315795929,"light",0
430,4.29,4.78,-0.984422831716844,2.80231563687141,0.0269749007128587,"light",0
431,4.3,4.79,-1.00899773812442,5.18141579921178,0.0534735592118092,"light",0
432,4.31,4.8,-1.02111591622502,94.9967870138119,1.16147483057965,"light",0
433,4.32,4.81,-1.04423861700334,359.133163233252,4.85684066009448,"light",0
434,4.33,4.82,-1.08529561533658,5.18892398583655,0.0633740326376227,"light",0
435,4.34,4.83,-1.15849230586405,3.21111762670356,0.033483355939643,"light",0
436,4.35,4.84,-1.23953080951689,2.84373253580478,0.0261343296169687,"light",0
437,4.36,4.85,-1.27088250023417,2.06287578623351,0.0182585675615591,"light",0
438,4.37,4.86,-2.01397513633637,0.0936622488026448,1e-08,"heavy",0
439,4.38,4.87,-1.38850835521961,1.64126135166338,0.0120365836427072,"heavy",0
440,4.39,4.88,-1.44396547692575,1.45171199349891,0.00972131373950115,"heavy",0
441,4.4,4.89,-1.39810699153191,1.52476997026362,0.0137640046469522,"heavy",0
442,4.41,4.9,-1.41285612928331,1.57488705890107,0.016230475064152,"heavy",0
443,4.42,4.91,-1.41414512816479,1.66173535508704,0.0189429823633481,"heavy",0
444,4.43,4.92,-1.4677552648788,1.36274001431437,0.0129375843436311,"heavy",0
445,4.44,4.93,-2.08710405903376,0.0663292006005456,1e-08,"heavy",0
446,4.45,4.94,-2.12703834551905,0.0925072680518307,1e-08,"heavy",0
447,4.46,4.95,-2.1697898114928,0.0928466661962345,1e-08,"heavy",0
448,4.47,4.96,-1.37467056357321,0.894966625987086,0.00658142887813459,"heavy",0
449,4.48,4.97,-1.29412200520217,0.777555155144877,0.00507129308679282,"heavy",0
450,4.49,4.98,-1.24961924045457,0.770031700603111,0.00506489800365825,"heavy",0
451,4.5,4.99,-1.98594268995224,0.0911008847558263,1e-08,"heavy",0
452,4.51,5,-1.1553846733938,0.691068179743482,0.00492733718306354,"heavy",52
453,4.52,5.01,-1.20200813213451,0.667155818287525,0.00426790951792805,"heavy",0
454,4.53,5.02,-1.17304021690223,0.652831446570929,0.00384203509791992,"heavy",0
455,4.54,5.03,-1.94778275315013,0.0911568295184919,1e-08,"heavy",0
456,4.55,5.04,-1.88895561230502,0.0907529681436822,1e-08,"heavy",0
457,4.56,5.05,-0.942839222701847,0.686580132969502,0.00566016050499947,"heavy",0
458,4.57,5.06,-0.874405453959445,0.73184858948558,0.00718627773733911,"heavy",0
459,4.58,5.07,-0.810424399925405,0.752736967440378,0.00820660327980998,"heavy",0
460,4.59,5.08,-1.39388196875201,0.0872895996837381,1e-08,"heavy",0
461,4.6,5.09,-0.907093119327414,0.0835254271412511,1e-08,"heavy",0
462,4.61,5.1,-0.846143121819475,0.0831685689667715,1e-08,"heavy",0
463,4.62,5.11,-0.573898925808752,0.770001211469402,0.00986687584410791,"heavy",0
464,4.63,5.12,-0.480118060816838,0.60133707761334,0.00557580373828762,"heavy",0
465,4.64,5.13,-0.40902274872094,0.865418112862038,0.0162718932793983,"heavy",0
466,4.65,5.14,-0.32847081813463,0.901187288640707,0.0196621252012387,"heavy",0
467,4.66,5.15,-0.247430135939869,0.938269489999555,0.0234798960277393,"heavy",0
468,4.67,5.16,-0.172836054714677,1.00599669476443,0.0288639402725127,"heavy",0
469,4.68,5.17,-0.127638434372466,1.00903910308922,0.0279630214236281,"heavy",0
470,4.69,5.18,-0.10324765183207,0.910471874620267,0.020754256094342,"heavy",0
471,4.7,5.19,-0.0574283808002619,0.969152669030512,0.0244168097637467,"heavy",0
472,4.71,5.2,-0.00760609806568732,1.02495182366573,0.0283342129856061,"heavy",0
473,4.72,5.21,0.0381083916452323,1.06666681314316,0.031478424219179,"heavy",0
474,4.73,5.22,0.0835910357970108,1.15637205180306,0.0390378354814061,"heavy",0
475,4.74,5.23,0.114329936884529,1.14691186464847,0.0387266157386484,"heavy",0
476,4.75,5.24,0.133179382956323,1.14354359290443,0.0386949440092041,"heavy",0
477,4.76,5.25,0.152891219768563,1.23921494126106,0.0476267787362642,"heavy",0
478,4.77,5.26,0.168972063076371,1.3865036322724,0.0624354762820573,"heavy",0
479,4.78,5.27,0.175092236031235,1.47426964727938,0.0718005197859742,"heavy",0
480,4.79,5.28,0.175178850005998,1.47360155491819,0.0717626346875788,"heavy",0
481,4.8,5.29,0.17132566789231,1.4221325007522,0.0661837466777013,"heavy",0
482,4.81,5.3,0.166548253598965,1.35599309942044,0.0593225863135945,"heavy",0
483,4.82,5.31,0.161147140784681,1.28643667097808,0.0524324773010746,"heavy",0
484,4.83,5.32,0.160801723179362,1.28253888169241,0.0520534667688039,"heavy",0
485,4.84,5.33,0.163263707102647,1.29825170428005,0.0536814270466953,"heavy",0
486,4.85,5.34,0.166892967932922,1.33672877643223,0.0576312677484185,"heavy",0
487,4.86,5.35,0.170668951448134,1.42566537602272,0.066756281876726,"heavy",0
488,4.87,5.36,0.171277586696986,1.45654135302589,0.0702275756660937,"heavy",0
489,4.88,5.37,0.167531604985443,1.53603112426262,0.0786003413548765,"heavy",0
490,4.89,5.38,0.15868922279188,1.5429526237703,0.0791875134811042,"heavy",0
491,4.9,5.39,0.137963224350256,1.4646738168483,0.0703235451742171,"heavy",0
492,4.91,5.4,0.120045931580497,1.40030932404679,0.0633599977871894,"heavy",0
493,4.92,5.41,0.0892724762469036,1.25911028164652,0.0490019933746312,"heavy",0
494,4.93,5.42,0.0533423108512034,1.07071249238304,0.0322439515318226,"heavy",0
495,4.94,5.43,0.0494714547577506,0.680885069216681,0.01374558761155,"heavy",0
496,4.95,5.44,-0.0418539667363063,0.988166807312254,0.0235867978424606,"heavy",0
497,4.96,5.45,-0.0495071793031165,0.941500903112335,0.0204499422929264,"heavy",0
498,4.97,5.46,-0.164533654268847,0.920738062054736,0.0176306778106371,"heavy",0
499,4.98,5.47,-0.324349263398175,1.20082024555197,0.0253532182795447,"heavy",0
500,4.99,5.48,-0.494046376465936,1.82719895285546,0.0414497958517159,"heavy",0
501,5,5.49,-0.666944150876665,271.367163295126,7.62951918854505,"light",0
502,5.01,5.5,-0.752649961882803,285.685040783429,5.94437401680585,"light",0
503,5.02,5.51,-0.750432425033743,306.598206880621,6.25614882442251,"light",0
504,5.03,5.52,-0.776819257838014,319.815570276449,5.85144419690589,"light",0
505,5.04,5.53,-0.816351554116477,306.088050380344,5.28452388806835,"light",0
506,5.05,5.54,-0.873786720555212,191.027001982576,2.84856878742164,"light",0
507,5.06,5.55,-0.907487560224629,350.481871492407,5.46733143355815,"light",0
508,5.07,5.56,-0.947988202107835,350.837242715633,5.56389745617753,"light",0
509,5.08,5.57,-0.988574244400354,120.284592380004,1.97481107110176,"light",0
510,5.09,5.58,-1.06351709454722,5.18832129959135,0.0651824629615852,"light",0
511,5.1,5.59,-1.09477050621548,13.7655854365087,0.218068202926719,"light",0
512,5.11,5.6,-1.15607639346805,3.19619157956644,0.039663342410395,"light",0
513,5.12,5.61,-1.21494194419891,2.71281624456481,0.0299556731143772,"light",0
514,5.13,5.62,-1.18750063208289,4.11603539710563,0.0660596551063519,"light",0
515,5.14,5.63,-1.19179495772912,3.70355681794151,0.0635591678087339,"light",0
516,5.15,5.64,-1.2015870534007,3.48353855344437,0.0628134193441259,"light",0
517,5.16,5.65,-1.20237984761432,4.0010051441475,0.0793033800389944,"light",0
518,5.17,5.66,-1.2210088320549,3.65298530757249,0.0716112066393858,"light",0
519,5.18,5.67,-1.21171487126292,262.060477027081,7.17789597256394,"light",0
520,5.19,5.68,-1.29257721348317,300.611497802959,8.06391855495928,"light",0
521,5.2,5.69,-1.36477731785948,3.92612121070847,0.0716096101484123,"light",0
522,5.21,5.7,-1.31343677529554,1.59877410659727,0.0213562166633108,"heavy",0
523,5.22,5.71,-1.2723250857588,1.21738111569836,0.013853630884309,"heavy",0
524,5.23,5.72,-1.07219384267098,0.647747087446825,0.00460765441116258,"heavy",0
525,5.24,5.73,-1.07073254387255,1.1938092258338,0.0183070648496424,"heavy",0
526,5.25,5.74,-0.990995308638025,0.944486816461851,0.012252976844029,"heavy",0
527,5.26,5.75,-1.0030190698363,1.05125875767417,0.0132578078264301,"heavy",0
528,5.27,5.76,-1.03335555977306,1.03650817210025,0.0120992516883669,"heavy",0
529,5.28,5.77,-1.59686147427351,0.088494475275106,1e-08,"heavy",0
530,5.29,5.78,-0.991517580583669,1.08895661524225,0.0143892855738148,"heavy",0
531,5.3,5.79,-0.932234262318033,1.13371868328244,0.0166944994638614,"heavy",0
532,5.31,5.8,-0.859961710111109,1.16616695375255,0.0192765659577058,"heavy",0
533,5.32,5.81,-0.790367089327362,1.20478842895484,0.0219477123073455,"heavy",0
534,5.33,5.82,-0.730446013904068,1.22692450777558,0.0234424973812272,"heavy",0
535,5.34,5.83,-0.672848475049665,1.27023160685707,0.0259394526283623,"heavy",0
536,5.35,5.84,-0.619471688656211,1.31573254691584,0.0286745513983064,"heavy",0
537,5.36,5.85,-0.563466440795186,1.35651368618382,0.0320252822932012,"heavy",0
538,5.37,5.86,-0.522215201971776,1.38003738912497,0.0338345474199562,"heavy",0
539,5.38,5.87,-0.477992583493904,1.38554240387805,0.0351614191632173,"heavy",0
540,5.39,5.88,-0.435106059985059,1.39470955684252,0.0356482073722772,"heavy",0
541,5.4,5.89,-0.392141909319565,1.37441334434532,0.0341480819640297,"heavy",0
542,5.41,5.9,-0.323085040330714,1.37991378370894,0.0367285517088635,"heavy",0
543,5.42,5.91,-0.247813925425,1.45986195479302,0.0432293381943672,"heavy",52
544,5.43,5.92,-0.183164032653465,1.6079309519733,0.0515686536861116,"heavy",0
545,5.44,5.93,-0.137831559006062,1.68495134848395,0.0539228264979996,"heavy",0
546,5.45,5.94,-0.105891290176483,1.65192624420022,0.0501961251576962,"heavy",0
547,5.46,5.95,-0.0655512489083648,1.74329744033608,0.0555774569088031,"heavy",0
548,5.47,5.96,-0.026630114708953,1.80004459239508,0.0592655307836993,"heavy",0
549,5.48,5.97,0.0150030535638128,1.85982095363249,0.0645011611368431,"heavy",0
550,5.49,5.98,0.0401662766280675,1.77289382088556,0.0582038978429865,"heavy",0
551,5.5,5.99,0.0743121565837733,1.8105779985881,0.0623167013543607,"heavy",0
552,5.51,6,0.0956992560617027,1.83379452357568,0.0646191791027499,"heavy",0
553,5.52,6.01,0.114003395279253,1.86002341977606,0.0675631569577617,"heavy",0
554,5.53,6.02,0.132522484914416,1.93061368421446,0.0747579424831151,"heavy",0
555,5.54,6.03,0.146961783011004,2.08344853267989,0.0891408178573296,"light",0
556,5.55,6.04,0.15694524132642,2.2438984517326,0.104670094017902,"light",0
557,5.56,6.05,0.162424532533559,2.33938570650984,0.11436968764302,"light",0
558,5.57,6.06,0.164264145068997,2.37312485853476,0.117924772550017,"light",0
559,5.58,6.07,0.162950734028027,2.32613811806012,0.113394434244532,"light",0
560,5.59,6.08,0.161053665188989,2.30390771764589,0.111196056960984,"light",0
561,5.6,6.09,0.153533315648645,2.16393238275422,0.0976860442760168,"light",0
562,5.61,6.1,0.14042787016291,1.97525054026623,0.0802647937528826,"heavy",0
563,5.62,6.11,0.12688617526681,1.86257861201997,0.0702755270016052,"heavy",0
564,5.63,6.12,0.11460724175538,1.87356914581796,0.0709491513137154,"heavy",0
565,5.64,6.13,0.0988962972793642,1.923119337467,0.0748383621283563,"heavy",0
566,5.65,6.14,0.0746995339925445,1.88365314530308,0.0711887296191977,"heavy",0
567,5.66,6.15,0.0420819642994846,1.85892674976894,0.0687197060009623,"heavy",0
568,5.67,6.16,3.28123571202509e-05,1.68134468197816,0.0545622119503478,"heavy",0
569,5.68,6.17,-0.0590870660119197,1.57290200778962,0.0453339825436745,"heavy",0
570,5.69,6.18,-0.0917898761038557,1.47017839730428,0.038419059296679,"heavy",0
571,5.7,6.19,-0.134293074312703,1.35101679694416,0.0313592112143628,"heavy",0
572,5.71,6.2,-0.200994994082379,1.21257760999644,0.0233655842605546,"heavy",52
573,5.72,6.21,-0.990889944626571,0.0849439971708994,1e-08,"heavy",0
574,5.73,6.22,-0.374820363702544,0.769414103738858,0.00904682370367202,"heavy",52
575,5.74,6.23,-0.566422730974446,0.91309350688501,0.0103930978432315,"heavy",0
576,5.75,6.24,-0.740701235020539,1.33321208216301,0.0177291647958055,"heavy",0
577,5.76,6.25,-0.891238900718621,2.73880334782332,0.0421498733139847,"light",0
578,5.77,6.26,-0.99730904635971,314.855333030815,4.96148737861698,"light",0
579,5.78,6.27,-1.04727621232178,5.18608415278253,0.0667722058549453,"light",0
580,5.79,6.28,-1.04719770839567,369.386993490456,5.22499366589179,"light",0
581,5.8,6.29,-1.0635614863066,5.18695843449257,0.0640519235393312,"light",0
582,5.81,6.3,-1.09065499935111,349.633854673324,4.47922343003697,"light",0
583,5.82,6.31,-1.09032936290201,41.7224580776206,0.58133072895048,"light",0
584,5.83,6.32,-1.10113142104119,383.47295149716,5.59517050861959,"light",0
585,5.84,6.33,-1.10045407452035,223.972127219338,3.45320152349019,"light",0
586,5.85,6.34,-1.12747394717748,52.170275713178,0.765760551379313,"light",0
587,5.86,6.35,-1.09957268871944,5.19117763370877,0.0780491253155548,"light",0
588,5.87,6.36,-1.13946406215118,2.97479814162586,0.0375444025734462,"light",0
589,5.88,6.37,-1.1308765453029,2.46448794713737,0.0320365974901202,"light",0
590,5.89,6.38,-1.20480212375529,2.02230324921775,0.0228821841312716,"light",0
591,5.9,6.39,-1.17861340142244,2.90520786262014,0.0421137018100456,"light",0
592,5.91,6.4,-1.21073757096319,2.26663279267853,0.0285217564553867,"light",0
593,5.92,6.41,-1.12061563252404,1.39102547910241,0.0156416622183082,"heavy",0
594,5.93,6.42,-0.942321896132353,0.947868242284244,0.0097072374309515,"heavy",0
595,5.94,6.43,-2.12273975305919,0.0926109332969603,1e-08,"heavy",0
596,5.95,6.44,-0.685364549805996,0.757828599587871,0.00889977433647502,"heavy",0
597,5.96,6.45,-2.03381971092185,0.0913876525753415,1e-08,"heavy",0
598,5.97,6.46,-2.11073407271967,0.0924206190869207,1e-08,"heavy",0
599,5.98,6.47,-2.19440441091402,0.0930522719428851,1e-08,"heavy",0
600,5.99,6.48,-2.21303651019201,0.0928326996041322,1e-08,"heavy",0
601,6,6.49,-2.24662292059335,0.0931593335234656,1e-08,"heavy",0
602,6.01,6.5,-0.897507252331709,0.659825582861109,0.00548306682652594,"heavy",0
603,6.02,6.51,-2.25158247381696,0.0931729765739513,1e-08,"heavy",0
604,6.03,6.52,-2.22986418219501,0.0931091425462878,1e-08,"heavy",0
605,6.04,6.53,-0.782467901183246,0.672401009810593,0.00646551442113082,"heavy",0
606,6.05,6.54,-0.715962489728443,0.707187443872658,0.00796754623429032,"heavy",0
607,6.06,6.55,-1.59153719704991,0.0873745767404442,1e-08,"heavy",0
608,6.07,6.56,-1.26255073404578,0.0850308803762833,1e-08,"heavy",0
609,6.08,6.57,-0.476082255035334,0.5822196814332,0.00833375841900963,"heavy",0
610,6.09,6.58,-0.4300455362588,0.929769156662037,0.0208252922241454,"heavy",0
611,6.1,6.59,-0.3769037569612,0.937991555687267,0.0212219236005592,"heavy",0
612,6.11,6.6,-0.292293456724269,0.987757743953131,0.0260927873548485,"heavy",0
613,6.12,6.61,-0.215837656813478,1.09106512996477,0.0339542363359959,"heavy",0
614,6.13,6.62,-0.167574839364148,1.05946754519135,0.0305211784831705,"heavy",0
615,6.14,6.63,-0.112941565559208,1.12925027188384,0.035703893530692,"heavy",0
616,6.15,6.64,-0.0832473272421961,1.10825267216869,0.0334787596636837,"heavy",0
617,6.16,6.65,-0.0579573180441775,1.09581602468442,0.0321568874463544,"heavy",0
618,6.17,6.66,-0.0234470663310533,1.07125687125443,0.0303968549562557,"heavy",0
619,6.18,6.67,0.00709431760736588,0.98719623312926,0.0244272448253104,"heavy",0
620,6.19,6.68,0.0561843852670958,0.597778319248957,0.00932385787506615,"heavy",0
621,6.2,6.69,0.0779533089302118,1.03581589114121,0.028338414600784,"heavy",0
622,6.21,6.7,0.097216227627445,1.0537705905977,0.0298173949312173,"heavy",0
623,6.22,6.71,0.116186982049015,1.15816280419014,0.0385993195159592,"heavy",0
624,6.23,6.72,0.115897036569085,1.13852487349258,0.037038541039919,"heavy",0
625,6.24,6.73,0.116340083821262,1.12131025449057,0.0356515318478245,"heavy",0
626,6.25,6.74,0.118452358239772,1.16026693707096,0.0387432919500365,"heavy",0
627,6.26,6.75,0.121729791384124,0.691255913674107,0.0108503760422382,"heavy",0
628,6.27,6.76,0.0954608858937995,1.00892536965617,0.0263147834903434,"heavy",0
629,6.28,6.77,0.091487970953364,0.764345863491225,0.0126746708294369,"heavy",0
630,6.29,6.78,0.072665143849483,0.950676829792559,0.0217645629825017,"heavy",0
631,6.3,6.79,0.0540546178524797,0.880542423184307,0.0172262010965639,"heavy",0
632,6.31,6.8,0.0461526758331908,0.868719004790286,0.0164050993729078,"heavy",0
633,6.32,6.81,0.0534386660824927,0.898787904327078,0.0182016153732214,"heavy",0
634,6.33,6.82,0.0681225808171921,0.945212503333469,0.0212855568348997,"heavy",0
635,6.34,6.83,0.0758107460165922,0.97681845221454,0.0235662701436361,"heavy",52
636,6.35,6.84,0.0775473697050123,0.989298157048802,0.0244938220316497,"heavy",0
637,6.36,6.85,0.0570772346691373,0.975045455578997,0.0232860925920893,"heavy",0
638,6.37,6.86,0.041224823211312,0.875304394786239,0.0135327540491154,"heavy",0
639,6.38,6.87,-0.0172793942175839,0.867579126882296,0.0156171343655801,"heavy",0
640,6.39,6.88,-0.01784026283581,0.866328060022904,0.0155415139081119,"heavy",0
641,6.4,6.89,-0.0547811790842,0.842327419259316,0.0143009829538357,"heavy",0
642,6.41,6.9,-0.0770899056602411,0.852747030225593,0.0149915491889275,"heavy",0
643,6.42,6.91,-0.164038280833548,0.863351184014294,0.0136549905835545,"heavy",0
644,6.43,6.92,-0.283205910223569,0.937987922618777,0.0150819311188782,"heavy",0
645,6.44,6.93,-0.466465121817759,1.21157976841955,0.01989764944893,"heavy",0
646,6.45,6.94,-0.655749720849128,1.79413740921146,0.0290558076296215,"heavy",0
647,6.46,6.95,-0.830348000685836,363.604027998332,6.38344331438094,"light",0
648,6.47,6.96,-0.884767459923951,318.782878126685,4.8250309072441,"light",0
649,6.48,6.97,-0.890296414082649,353.116169901777,5.21442511912431,"light",0
650,6.49,6.98,-0.911335276464662,312.088844096089,4.66787317627588,"light",0
651,6.5,6.99,-0.95017264509287,387.610274469907,5.50003640105029,"light",0
652,6.51,7,-0.966603280637951,399.363019301051,5.63715347992043,"light",0
653,6.52,7.01,-0.986792358580207,350.186974323358,5.00683508580142,"light",0
654,6.53,7.02,-0.963934070593594,361.703633167723,5.87071092498971,"light",0
655,6.54,7.03,-0.981144497342454,360.737873382986,6.17977750774427,"light",0
656,6.55,7.04,-0.990743065814797,28.4179627894564,0.500853980128587,"light",0
657,6.56,7.05,-1.05223771384365,6.56102972580554,0.100928031893774,"light",0
658,6.57,7.06,-1.07887826733253,6.68022713448616,0.0983579956571408,"light",0
659,6.58,7.07,-1.08095879534156,5.19316010280163,0.0770206173557345,"light",0
660,6.59,7.08,-1.00737155497442,1.86059412070347,0.0231711221172461,"heavy",0
661,6.6,7.09,-0.831850325361713,1.07511320914258,0.0125301336148409,"heavy",0
662,6.61,7.1,-0.675479733919913,0.988889550086525,0.0143213502445342,"heavy",0
663,6.62,7.11,-0.553804779006081,0.87078945624241,0.0135417815764389,"heavy",0
664,6.63,7.12,-0.46093355565111,0.826572222328492,0.0140542337190998,"heavy",0
665,6.64,7.13,-0.503047869993786,0.0801542624659839,1e-08,"heavy",0
666,6.65,7.14,-0.560256935398154,0.752531277540326,0.0106017984376097,"heavy",0
667,6.66,7.15,-0.862084982659436,0.0820351803017947,1e-08,"heavy",0
668,6.67,7.16,-1.41262867874755,0.0864276225928785,1e-08,"heavy",0
669,6.68,7.17,-1.46123328806971,0.0867746177098561,1e-08,"heavy",0
670,6.69,7.18,-0.746966868602085,0.727049392989838,0.00890607909352749,"heavy",0
671,6.7,7.19,-1.52884179138281,0.0873330266491761,1e-08,"heavy",0
672,6.71,7.2,-1.39888852943262,0.0494020542073583,1e-08,"heavy",0
673,6.72,7.21,-1.5152562890277,0.0872712001737264,1e-08,"heavy",0
674,6.73,7.22,-0.727362413017917,0.710256461443544,0.008165994331404,"heavy",0
675,6.74,7.23,-0.649984334491733,0.756095342025694,0.0106245477080009,"heavy",0
676,6.75,7.24,-0.57573434365384,0.799797752698782,0.0132790371037911,"heavy",0
677,6.76,7.25,-0.526023021928184,0.778617371319246,0.0118371505415728,"heavy",0
678,6.77,7.26,-0.442325594225377,0.813621758526491,0.0146851471176577,"heavy",52
679,6.78,7.27,-0.354311359912356,0.869662804574988,0.0192973426004385,"heavy",0
680,6.79,7.28,-0.277652721395308,0.931106794874067,0.0241316811323825,"heavy",0
681,6.8,7.29,-0.245227042386607,0.824802982075718,0.0161019130811463,"heavy",0
682,6.81,7.3,-0.178124002465496,0.882588012723941,0.0200513335827109,"heavy",0
683,6.82,7.31,-0.137975450412108,0.896197428324604,0.0206143476749656,"heavy",0
684,6.83,7.32,-0.105492444370915,0.897305303775892,0.020449412327802,"heavy",0
685,6.84,7.33,-0.0667508214853191,0.875417561514258,0.0189087747864786,"heavy",0
686,6.85,7.34,-0.025161208633711,0.851432003535785,0.0171703467987494,"heavy",0
687,6.86,7.35,0.0198707301512344,0.897033331616845,0.0203346174640982,"heavy",0
688,6.87,7.36,0.0546136634375156,0.908313400192967,0.0213149932710624,"heavy",0
689,6.88,7.37,0.0795233954326552,0.944268634492865,0.0241715962185661,"heavy",0
690,6.89,7.38,0.0839460690127464,0.913299551625929,0.021980363675982,"heavy",0
691,6.9,7.39,0.0787713274613776,0.883722261189991,0.0197742522429878,"heavy",0
692,6.91,7.4,0.0706769403146768,0.833716899917591,0.0162375055129752,"heavy",0
693,6.92,7.41,0.0637100366098211,0.801365489216274,0.0140237409671854,"heavy",0
694,6.93,7.42,0.0693925841010495,0.838596344250932,0.0162817444186265,"heavy",0
695,6.94,7.43,0.0454187331376453,0.772895724000299,0.0118066926403182,"heavy",0
696,6.95,7.44,0.0366141737776296,0.775676937423349,0.0118195499505108,"heavy",0
697,6.96,7.45,0.0456992529401757,0.62616516077238,0.00539799138822801,"heavy",0
698,6.97,7.46,0.0235991884864867,0.616555129067597,0.0067933493864996,"heavy",0
699,6.98,7.47,0.00174562553336038,0.758110755483326,0.0105912628053951,"heavy",0
700,6.99,7.48,-0.00413891013051547,0.757094308074944,0.0104923242247139,"heavy",0
701,7,7.49,-0.00549109598194445,0.755403279381662,0.010403956893936,"heavy",0
702,7.01,7.5,0.00721606812389466,0.764628481557831,0.0109487920246958,"heavy",0
703,7.02,7.51,0.0153822781184297,0.769076109641291,0.0112398394818431,"heavy",0
704,7.03,7.52,0.0423227222840271,0.559733355566864,0.00616873087646472,"heavy",0
705,7.04,7.53,0.0382073219183316,0.640614420283207,0.00715107617859354,"heavy",0
706,7.05,7.54,0.0136514082225891,0.78013311514039,0.0119129309013855,"heavy",0
707,7.06,7.55,0.0477919661634227,0.476531609283779,0.00514784964941771,"heavy",0
708,7.07,7.56,-0.0243410433276135,0.781677670725146,0.0119447721770015,"heavy",0
709,7.08,7.57,-0.0333606050436699,0.654592769709241,0.00706771028842366,"heavy",0
710,7.09,7.58,-0.125005120890186,0.783161040104966,0.0104631952241212,"heavy",0
711,7.1,7.59,-0.284720610513148,0.850141900651545,0.0103089242787973,"heavy",0
712,7.11,7.6,-0.478617287223325,1.03433638924745,0.0117358866092685,"heavy",0
713,7.12,7.61,-0.661211008298596,1.47221180880458,0.0165488153083327,"heavy",52
714,7.13,7.62,-0.818991285111815,129.481862303075,1.66629259110286,"light",0
715,7.14,7.63,-0.826644773082916,106.983039735603,1.36831588321166,"light",0
716,7.15,7.64,-0.856252326273917,54.9068320881513,0.653877287591317,"light",0
717,7.16,7.65,-0.883333613778782,340.424114683392,4.16722999698431,"light",0
718,7.17,7.66,-0.899145504732128,365.482948581269,4.92049893008604,"light",0
719,7.18,7.67,-0.900456723619082,262.789857310198,3.92841088246826,"light",0
720,7.19,7.68,-0.907152509288848,321.232532872523,5.16924518717291,"light",0
721,7.2,7.69,-0.939105758471562,81.824731228711,1.24349955645455,"light",0
722,7.21,7.7,-0.913771794696333,221.022259240162,3.91407240493205,"light",0
723,7.22,7.71,-0.925488108256819,304.270353767748,5.77838228980844,"light",0
724,7.23,7.72,-0.9568221044183,4.18742445162042,0.0610613757404409,"light",0
725,7.24,7.73,-1.01359425758795,3.13726512080511,0.0386024224060023,"light",0
726,7.25,7.74,-1.00218621507079,2.80819260665942,0.0408274497534231,"light",0
727,7.26,7.75,-1.08415227957153,2.1954770219254,0.025219000022949,"light",0
728,7.27,7.76,-1.05360877906271,2.31765005322776,0.0321719459623708,"light",0
729,7.28,7.77,-1.0251565405081,3.62953623666515,0.0689928910797421,"light",0
730,7.29,7.78,-0.880560355874012,1.42706932310553,0.0223196958971012,"heavy",0
731,7.3,7.79,-0.706802941468751,1.01117108226703,0.0152416154270237,"heavy",0
732,7.31,7.8,-1.97417065333973,0.0925180336084857,1e-08,"heavy",0
733,7.32,7.81,-0.535331337696995,0.925799707995105,0.0162414923547063,"heavy",0
734,7.33,7.82,-0.520114602110999,0.866856029635521,0.0147689875876899,"heavy",0
735,7.34,7.83,-2.4828743234075,0.097449250097916,1e-08,"heavy",0
736,7.35,7.84,-1.98188068141514,0.0265574285670889,1e-08,"heavy",0
737,7.36,7.85,-2.58655714273872,0.098073562754146,1e-08,"heavy",0
738,7.37,7.86,-2.6279594085456,0.0985489500044802,1e-08,"heavy",0
739,7.38,7.87,-2.65297702005113,0.0989216307881961,1e-08,"heavy",0
740,7.39,7.88,-2.64235321998822,0.0987548741357656,1e-08,"heavy",0
741,7.4,7.89,-2.59862014018439,0.0983845617452899,1e-08,"heavy",0
742,7.41,7.9,-0.677333140915885,0.869206312582339,0.013276016634486,"heavy",0
743,7.42,7.91,-0.616250803297271,0.912913843585498,0.0157985360241331,"heavy",0
744,7.43,7.92,-0.554763405771532,0.965126821826508,0.0192286887605516,"heavy",0
745,7.44,7.93,-0.491537902217847,1.00851965070702,0.0225298929811543,"heavy",52
746,7.45,7.94,-0.422395055915795,1.05515417764819,0.0266306164862614,"heavy",0
747,7.46,7.95,-0.351169597633106,1.15218529112842,0.0340997619584636,"heavy",0
748,7.47,7.96,-0.292553440625114,1.24140056236605,0.0399166914233462,"heavy",0
749,7.48,7.97,-0.233631571235879,1.3471983547276,0.0471279509892849,"heavy",0
750,7.49,7.98,-0.156654408614499,1.46558457668318,0.0585285885598278,"heavy",0
751,7.5,7.99,-0.0857369733566765,1.59936089605243,0.0712921037490131,"heavy",0
752,7.51,8,-0.041683280634327,1.46978610544332,0.0602184973886126,"heavy",0
753,7.52,8.01,-0.00949063329036525,1.34194688009665,0.0498230972406658,"heavy",0
754,7.53,8.02,0.023061753242183,1.43137194293897,0.0562836729934156,"heavy",0
755,7.54,8.03,0.0562105880169522,1.51857755285867,0.0631820474842313,"heavy",0
756,7.55,8.04,0.0869718509528106,1.54204184605019,0.0652390800782853,"heavy",0
757,7.56,8.05,0.119903970228179,1.50960258867329,0.0634538421271211,"heavy",52
758,7.57,8.06,0.147997663884317,1.61968572569041,0.0736934209732802,"heavy",0
759,7.58,8.07,0.161901307707243,1.64530651829262,0.0766288744861023,"heavy",0
760,7.59,8.08,0.168690389067518,1.71575840588224,0.0834498729155088,"heavy",0
761,7.6,8.09,0.167995242152775,1.66871366434859,0.0793635619224969,"heavy",0
762,7.61,8.1,0.16942157953779,1.71948912524117,0.0837929210132079,"heavy",0
763,7.62,8.11,0.166432764120025,1.53583340707962,0.0675488523012053,"heavy",0
764,7.63,8.12,0.15486367369058,1.23836047187759,0.0428037099805215,"heavy",0
765,7.64,8.13,0.139420929402353,1.07256192584363,0.0303101891349875,"heavy",0
766,7.65,8.14,0.12508561262514,1.02114533830809,0.0264783109240224,"heavy",0
767,7.66,8.15,0.114319602217319,0.959485257279847,0.0223966824624161,"heavy",0
768,7.67,8.16,0.117986625152327,0.976052355361221,0.023479704128578,"heavy",0
769,7.68,8.17,0.133678292992418,1.12137474803169,0.0334078314270869,"heavy",0
770,7.69,8.18,0.144051127366423,1.23588288533164,0.0420740039320417,"heavy",0
771,7.7,8.19,0.147021753697659,1.27667670669437,0.0454315677345583,"heavy",0
772,7.71,8.2,0.139836336186426,1.31239185867284,0.0481302183164147,"heavy",0
773,7.72,8.21,0.132482067937456,1.27163308666483,0.0449501068467928,"heavy",0
774,7.73,8.22,0.115557162576648,1.1768707150918,0.0375288392831364,"heavy",0
775,7.74,8.23,0.114066693934547,1.26284741231648,0.0439635193519274,"heavy",0
776,7.75,8.24,0.0721956109430017,1.00465150208004,0.0247280336116185,"heavy",0
777,7.76,8.25,0.0486653703444679,0.859090785590128,0.0158702061364065,"heavy",52
778,7.77,8.26,0.0135215689648124,0.85340171363176,0.015667330106477,"heavy",0
779,7.78,8.27,-0.0271701630060131,0.81881689639897,0.0139145762779996,"heavy",0
780,7.79,8.28,-0.831511504308204,0.0592332367267836,1e-08,"heavy",0
781,7.8,8.29,-0.290917306808373,0.830051028236481,0.0106405769580884,"heavy",0
782,7.81,8.3,-0.475723616822128,1.02337910773411,0.0130365534265638,"heavy",0
783,7.82,8.31,-0.650823801612464,1.47802019133374,0.0201256529184249,"heavy",0
784,7.83,8.32,-0.792950288220001,5.16782068039479,0.0865749656916961,"light",0
785,7.84,8.33,-0.80567449176521,312.106758356445,5.92423736841945,"light",0
786,7.85,8.34,-0.805126339916175,266.660303264753,5.07006516479057,"light",0
787,7.86,8.35,-0.83700905000839,309.597805901984,5.80616327210127,"light",0
788,7.87,8.36,-0.881292473311217,305.090638723632,5.51809279034629,"light",0
789,7.88,8.37,-0.92938170416755,5.17723845274013,0.0783599042102009,"light",0
790,7.89,8.38,-0.981290392319374,5.18129245877171,0.0746858285220798,"light",0
791,7.9,8.39,-1.0230147549755,5.1846933699092,0.0772845311857544,"light",0
792,7.91,8.4,-1.07637821959085,2.64849670611126,0.0342198765366619,"light",0
793,7.92,8.41,-1.15188488487281,2.00953471698491,0.0215586633235004,"light",0
794,7.93,8.42,-3.3139226715848,0.109107916819911,1e-08,"heavy",0
795,7.94,8.43,-1.21109650326603,1.60640547491732,0.0164208500746816,"heavy",0
796,7.95,8.44,-1.28104737120155,1.61966131655977,0.0153014970518787,"heavy",0
797,7.96,8.45,-1.27346437241663,1.97438168045731,0.0250786498180169,"heavy",0
798,7.97,8.46,-1.32920087849853,1.57478959084068,0.0166599441185821,"heavy",0
799,7.98,8.47,-3.95866364897937,0.116966217991887,1e-08,"heavy",0
800,7.99,8.48,-3.98263299472354,0.116988176402536,1e-08,"heavy",0
801,8,8.49,-3.95972896480284,0.116239438802872,1e-08,"heavy",0
802,8.01,8.5,-1.35789468657752,2.6982059830291,0.0433781498804706,"light",0
803,8.02,8.51,-1.38209477792561,2.37634984213541,0.0343004506604095,"light",0
804,8.03,8.52,-1.24159953324517,1.16520301913421,0.0140774127119149,"heavy",0
805,8.04,8.53,-3.1275702838868,0.0275314583856088,1e-08,"heavy",0
806,8.05,8.54,-3.72409430840047,0.11172752259242,1e-08,"heavy",0
807,8.06,8.55,-3.69379655903209,0.111398631493493,1e-08,"heavy",0
808,8.07,8.56,-3.20772242615997,0.0346048852922116,1e-08,"heavy",0
809,8.08,8.57,-4.20909828674037,0.119122633721384,1e-08,"heavy",0
810,8.09,8.58,-4.25616538437713,0.120655910074709,1e-08,"heavy",0
811,8.1,8.59,-4.22012278180006,0.120173466587938,1e-08,"heavy",0
812,8.11,8.6,-4.17715978218209,0.120141144182591,1e-08,"heavy",0
813,8.12,8.61,-3.639974909829,0.112046816615083,1e-08,"heavy",0
814,8.13,8.62,-3.61044144205361,0.112136566421921,1e-08,"heavy",0
815,8.14,8.63,-3.55415946235624,0.111319588258463,1e-08,"heavy",0
816,8.15,8.64,-3.49400831807365,0.110548127958871,1e-08,"heavy",0
817,8.16,8.65,-3.44457988606263,0.1100876114276,1e-08,"heavy",0
818,8.17,8.66,-2.89785234425174,0.0334999994856882,1e-08,"heavy",0
819,8.18,8.67,-3.04770151486277,0.105681584226233,1e-08,"heavy",0
820,8.19,8.68,-0.452021073218372,0.702047382910979,0.00889739254995156,"heavy",52
821,8.2,8.69,-0.36626014609883,0.782678194327046,0.0131744871384702,"heavy",0
822,8.21,8.7,-0.307323773131009,0.839162181130708,0.0156633038256014,"heavy",0
823,8.22,8.71,-1.40716197840498,0.0887649687909072,1e-08,"heavy",0
824,8.23,8.72,-0.21054561199809,0.818313055109627,0.0140592476566742,"heavy",0
825,8.24,8.73,-0.167638715361627,0.810493025261577,0.0137956773486207,"heavy",0
826,8.25,8.74,-0.145903764412445,0.788097608889808,0.0123669442406338,"heavy",0
827,8.26,8.75,-0.128523072987807,0.717000085060416,0.00924186948845743,"heavy",0
828,8.27,8.76,-0.100630032393393,0.691164134476345,0.00811701091115185,"heavy",0
829,8.28,8.77,-0.0480095176084606,0.736356660902226,0.00999198808261694,"heavy",52
830,8.29,8.78,-0.0147543779115565,0.762412362351896,0.0107582571625672,"heavy",0
831,8.3,8.79,0.0104065012295982,0.716758924213757,0.00846427261587607,"heavy",0
832,8.31,8.8,0.0420826795933048,0.728162103789693,0.00877521695871133,"heavy",0
833,8.32,8.81,0.0515731888659705,0.703840920984691,0.00769466560068887,"heavy",0
834,8.33,8.82,0.0488339758974733,0.624018326718338,0.00493025895609801,"heavy",52
835,8.34,8.83,0.1099769983949,0.692445241343042,0.0077504477049572,"heavy",0
836,8.35,8.84,0.135132333886903,0.73200277900722,0.00964325187804383,"heavy",0
837,8.36,8.85,0.157559442900733,0.790824037229583,0.0126688603477007,"heavy",0
838,8.37,8.86,0.172188984367283,0.857525816558511,0.0165468790029594,"heavy",0
839,8.38,8.87,0.178970485416466,0.892595160930223,0.0187644481517114,"heavy",0
840,8.39,8.88,0.191848093870565,0.738392807165126,0.013661967925904,"heavy",0
841,8.4,8.89,0.193276585772028,0.737837527456639,0.0120925346358025,"heavy",0
842,8.41,8.9,0.181957162150524,0.968103618272176,0.0236244023701717,"heavy",52
843,8.42,8.91,0.172252939158175,0.709423560042695,0.0106991830192937,"heavy",0
844,8.43,8.92,0.158414365122518,0.8577328853894,0.0163383062944864,"heavy",0
845,8.44,8.93,0.151595110716193,0.894064815479163,0.0186410407800516,"heavy",52
846,8.45,8.94,0.142054519677727,0.944921950557874,0.0220646720296502,"heavy",0
847,8.46,8.95,0.128243488692215,0.992429757925936,0.0253693774314251,"heavy",0
848,8.47,8.96,0.0988888754532285,0.95782932853239,0.0229005235750807,"heavy",0
849,8.48,8.97,0.0506671079952905,0.824697920211435,0.0144095437551636,"heavy",0
850,8.49,8.98,-0.0200201650741156,0.763578759128286,0.0103547823569649,"heavy",0
851,8.5,8.99,-0.0121484027408823,0.807698600956578,0.0122987468100402,"heavy",0
852,8.51,9,-0.0533001086610369,0.783112936365557,0.0110008840036007,"heavy",0
853,8.52,9.01,-0.0722153790209414,0.745728563948823,0.00950433643589867,"heavy",0
854,8.53,9.02,-0.190492169539498,0.80494781970835,0.00967589379017477,"heavy",0
855,8.54,9.03,-1.51536205417387,0.090527690938731,1e-08,"heavy",0
856,8.55,9.04,-1.60694578227739,0.0912180157537666,1e-08,"heavy",0
857,8.56,9.05,-0.626967408281973,1.79067080701705,0.0256554158763698,"heavy",0
858,8.57,9.06,-0.768025327484159,242.959955095357,3.67378813411683,"light",0
859,8.58,9.07,-0.76717431345044,84.6548771307813,1.26207953738657,"light",0
860,8.59,9.08,-0.76114697062852,338.888894770913,5.1142120531265,"light",0
861,8.6,9.09,-0.784310158979195,346.109241080523,5.30264106603176,"light",0
862,8.61,9.1,-0.816701916481019,191.744718772827,3.08964552554579,"light",0
863,8.62,9.11,-0.853896854585107,101.097301047924,1.63755901305608,"light",0
864,8.63,9.12,-0.880940028848988,315.103517184431,4.97078896433757,"light",0
865,8.64,9.13,-0.909197780584175,41.1308409987628,0.613137651729328,"light",0
866,8.65,9.14,-0.931233439183122,349.578600296561,5.65605003878561,"light",0
867,8.66,9.15,-0.976861406811536,9.25386376394081,0.1438110322094,"light",0
868,8.67,9.16,-1.05217968722778,4.47029586225256,0.0566050882001714,"light",0
869,8.68,9.17,-1.09496200448357,3.7454380231914,0.0494892975755159,"light",0
870,8.69,9.18,-1.17166398913969,2.43329233740706,0.025948230336679,"light",0
871,8.7,9.19,-1.18676516966892,2.57584388398923,0.0341797217232568,"light",0
872,8.71,9.2,-1.21991761490383,2.17745201664485,0.0290553636956538,"light",0
873,8.72,9.21,-1.26681077440512,1.81993955668606,0.0221550250192751,"heavy",0
874,8.73,9.22,-1.29381840066445,1.80660980873123,0.0222310309502513,"heavy",0
875,8.74,9.23,-1.32453255936344,1.62219727030481,0.0183591855277333,"heavy",0
876,8.75,9.24,-1.34404008359368,2.25044877355083,0.0338894831669364,"light",0
877,8.76,9.25,-1.36362061724597,2.33485787183102,0.0392734955377872,"light",0
878,8.77,9.26,-1.46134635161734,1.89968129228074,0.0268878721650214,"heavy",0
879,8.78,9.27,-1.55200509400554,3.12220691835981,0.0438811916586927,"light",0
880,8.79,9.28,-1.43077719853006,1.39319726587942,0.0166448537277846,"heavy",0
881,8.8,9.29,-1.3750949797061,1.07482114634325,0.0109087675841621,"heavy",0
882,8.81,9.3,-1.27618916460738,0.865735620027556,0.00715773338361946,"heavy",0
883,8.82,9.31,-1.42130983340214,1.12002278858112,0.00867296052351237,"heavy",0
884,8.83,9.32,-2.53502632755531,0.097816445997,1e-08,"heavy",0
885,8.84,9.33,-2.45972578567888,0.0970014505611125,1e-08,"heavy",0
886,8.85,9.34,-1.20769171922925,0.85204276108837,0.00619950366462744,"heavy",0
887,8.86,9.35,-1.19771734776583,0.862467964433787,0.00641088952968114,"heavy",0
888,8.87,9.36,-1.67482265632365,0.0895749721237949,1e-08,"heavy",0
889,8.88,9.37,-1.06553920994281,0.863671845993427,0.00736187830101946,"heavy",52
890,8.89,9.38,-0.989357518199593,0.86323581795526,0.00807007580599099,"heavy",0
891,8.9,9.39,-0.938581518535961,0.862794869261943,0.0080370601343567,"heavy",52
892,8.91,9.4,-0.877778627503653,0.852987978273623,0.00820022053520146,"heavy",0
893,8.92,9.41,-0.94015772903403,0.0838138052946509,1e-08,"heavy",0
894,8.93,9.42,-0.760126605888297,0.874281564845338,0.00943823925256975,"heavy",0
895,8.94,9.43,-0.697348682629167,0.878699157586901,0.0101636097597734,"heavy",0
896,8.95,9.44,-0.635079030925477,0.903366021315964,0.0115371096452313,"heavy",0
897,8.96,9.45,-0.560273133029464,0.948948040186074,0.0143560918459846,"heavy",0
898,8.97,9.46,-0.49578092233461,1.00059189932984,0.0171733129572542,"heavy",0
899,8.98,9.47,-0.444784827668821,1.031787529821,0.0183117718050326,"heavy",0
900,8.99,9.48,-0.36709008434255,1.01496833356067,0.0191553008433099,"heavy",0
901,9,9.49,-0.290100518608306,1.03493078775418,0.0213490868245532,"heavy",52
902,9.01,9.5,-0.228026730190922,1.08383380472322,0.0238653538380871,"heavy",0
903,9.02,9.51,-0.204393240232034,1.02746931307812,0.0194100085892888,"heavy",52
904,9.03,9.52,-0.167408935094305,1.06538116040602,0.0208240324313163,"heavy",0
905,9.04,9.53,-0.123384176456662,1.1318197544195,0.0240884543465171,"heavy",0
906,9.05,9.54,-0.0738075205452225,1.1976620379255,0.0283774808229746,"heavy",52
907,9.06,9.55,-0.029422619910044,1.24830172610779,0.0323733467639369,"heavy",0
908,9.07,9.56,-0.000435875756007768,1.25192867647981,0.0324643025404475,"heavy",0
909,9.08,9.57,0.0347941283957528,1.27686309850085,0.0345152443006239,"heavy",52
910,9.09,9.58,0.0554600160466004,1.29971111309517,0.0361399266362361,"heavy",0
911,9.1,9.59,0.0750211620074235,1.32824292697013,0.0385975740571246,"heavy",0
912,9.11,9.6,0.0978821111259174,1.4631779781022,0.0499323954438528,"heavy",0
913,9.12,9.61,0.104367682216095,1.49940645231193,0.0532229402815791,"heavy",0
914,9.13,9.62,0.105221053938717,1.49607923924861,0.0530242901811657,"heavy",0
915,9.14,9.63,0.10470828942928,1.49012762149526,0.0525354706378236,"heavy",0
916,9.15,9.64,0.104080905388826,1.45166514038676,0.0495727309277654,"heavy",0
917,9.16,9.65,0.0978294093912897,1.33375294598393,0.0405776684442179,"heavy",0
918,9.17,9.66,0.0809901092251821,1.13380936927884,0.0269050008152586,"heavy",0
919,9.18,9.67,0.0548052646553968,0.975779207885747,0.0176630259224835,"heavy",0
920,9.19,9.68,0.0477004449700661,0.977822521275046,0.0176713655816579,"heavy",0
921,9.2,9.69,0.0457726425764805,1.01744538702001,0.0197721373392355,"heavy",0
922,9.21,9.7,0.0482602608790103,1.1187569252126,0.0257881480020201,"heavy",0
923,9.22,9.71,0.038551790382433,1.16675383903203,0.0290191778360023,"heavy",52
924,9.23,9.72,0.0208491076396679,1.20103056120547,0.031368827847659,"heavy",0
925,9.24,9.73,-0.0137867905649233,1.13792009181844,0.0273589713608788,"heavy",0
926,9.25,9.74,-0.0552532630162785,1.03721375030931,0.0215270484981662,"heavy",0
927,9.26,9.75,-0.129787940370962,0.867678418775562,0.0124672876028919,"heavy",0
928,9.27,9.76,-0.156148723319145,0.824811357798406,0.0106864065535775,"heavy",0
929,9.28,9.77,-0.182293175840599,0.893263833152046,0.0136055118321291,"heavy",0
930,9.29,9.78,-0.27039488528632,0.847187796875733,0.0106908825601998,"heavy",0
931,9.3,9.79,-0.395960410026057,0.954653795463445,0.0119280880109379,"heavy",0
932,9.31,9.8,-0.343457189873467,0.816463321555878,0.0113602805977339,"heavy",0
933,9.32,9.81,-0.50541825757559,1.11957560217676,0.0187064785166986,"heavy",0
934,9.33,9.82,-0.66682236863169,1.87225427355689,0.037210164822574,"heavy",0
935,9.34,9.83,-0.820066710746489,271.954059126174,6.5378223214531,"light",0
936,9.35,9.84,-0.867601376301603,300.971536464648,6.36681990764201,"light",0
937,9.36,9.85,-0.854826472069551,343.597627733682,7.42075875635059,"light",0
938,9.37,9.86,-0.8641833642806,237.257822051395,4.80593975671849,"light",0
939,9.38,9.87,-0.89368825536095,355.130318385412,6.40786399651713,"light",0
940,9.39,9.88,-0.928291971164125,294.767453027887,5.35372998421871,"light",0
941,9.4,9.89,-0.97541391439261,329.116576783599,5.8259109907469,"light",0
942,9.41,9.9,-1.02218256138462,317.809698485579,5.30304831071333,"light",0
943,9.42,9.91,-1.05351089355926,318.723320637409,5.32523796073565,"light",0
944,9.43,9.92,-1.0900452941929,290.426674957802,5.13211371198178,"light",0
945,9.44,9.93,-1.14003851782097,5.19427473597047,0.0804422130868703,"light",0
946,9.45,9.94,-1.2298100932507,2.26787272135979,0.0244571798241309,"light",0
947,9.46,9.95,-1.26599404982765,2.43414782697449,0.0305593534681802,"light",0
948,9.47,9.96,-1.34495787506323,0.893195701075251,0.00402747352721641,"heavy",0
949,9.48,9.97,-3.87364199502862,0.11165917245022,1e-08,"heavy",0
950,9.49,9.98,-3.86925959429029,0.111473315188101,1e-08,"heavy",0
951,9.5,9.99,-3.84294900523236,0.110944496148596,1e-08,"heavy",0
